Year,Name,team,salary,position,Games,AtBats,Hit
2022年度,菊池　涼介,Carp,30000,内野手,123,462,121
2022年度,會澤　翼,Carp,18000,捕手,98,290,60
2022年度,大瀬良　大地,Carp,18000,投手,23,999,999
2022年度,田中　広輔,Carp,15000,内野手,41,40,8
2022年度,秋山　翔吾,Carp,15000,外野手,44,155,41
2022年度,九里　亜蓮,Carp,14000,投手,26,999,999
2022年度,長野　久義,Carp,12000,外野手,58,123,26
2022年度,フランスア,Carp,8500,投手,3,999,999
2022年度,アンダーソン,Carp,7700,投手,13,999,999
2022年度,マクブルーム,Carp,7700,内野手,128,448,122
2022年度,西川　龍馬,Carp,7600,外野手,97,390,123
2022年度,森下　暢仁,Carp,7500,投手,27,999,999
2022年度,松山　竜平,Carp,7500,外野手,88,152,33
2022年度,野村　祐輔,Carp,7200,投手,9,999,999
2022年度,ターリー,Carp,7150,投手,45,999,999
2022年度,中﨑　翔太,Carp,6600,投手,28,999,999
2022年度,栗林　良吏,Carp,5300,投手,48,999,999
2022年度,坂倉　将吾,Carp,5000,捕手,143,539,155
2022年度,一岡　竜司,Carp,4200,投手,10,999,999
2022年度,堂林　翔太,Carp,3600,内野手,101,255,62
2022年度,床田　寛樹,Carp,3300,投手,17,999,999
2022年度,野間　峻祥,Carp,3100,外野手,85,317,99
2022年度,菊池　保則,Carp,2900,投手,8,999,999
2022年度,島内　颯太郎,Carp,2400,投手,22,999,999
2022年度,森浦　大輔,Carp,2200,投手,51,999,999
2022年度,塹江　敦哉,Carp,2100,投手,26,999,999
2022年度,小園　海斗,Carp,2100,内野手,127,473,126
2022年度,コルニエル,Carp,2000,投手,12,999,999
2022年度,遠藤　淳志,Carp,2000,投手,20,999,999
2022年度,薮田　和樹,Carp,1900,投手,18,999,999
2022年度,ケムナ　誠,Carp,1900,投手,43,999,999
2022年度,大道　温貴,Carp,1500,投手,3,999,999
2022年度,黒原　拓未,Carp,1500,投手,12,999,999
2022年度,磯村　嘉孝,Carp,1400,捕手,43,114,27
2022年度,上本　崇司,Carp,1400,内野手,94,261,80
2022年度,三好　匠,Carp,1350,内野手,10,2,0
2022年度,森　翔平,Carp,1200,投手,8,999,999
2022年度,玉村　昇悟,Carp,1200,投手,9,999,999
2022年度,宇草　孔基,Carp,1200,外野手,45,88,18
2022年度,石原　貴規,Carp,1200,捕手,9,13,2
2022年度,曽根　海成,Carp,1150,内野手,44,6,0
2022年度,中村　健人,Carp,1100,外野手,63,121,29
2022年度,大盛　穂,Carp,1100,外野手,52,69,14
2022年度,羽月　隆太郎,Carp,1000,内野手,44,94,23
2022年度,末包　昇大,Carp,1000,外野手,31,77,23
2022年度,中村　奨成,Carp,900,捕手,27,57,11
2022年度,矢崎　拓也,Carp,800,投手,47,999,999
2022年度,松本　竜也,Carp,770,投手,50,999,999
2022年度,白濱　裕太,Carp,650,捕手,4,4,0
2022年度,矢野　雅哉,Carp,600,内野手,55,67,13
2022年度,韮澤　雄也,Carp,500,内野手,7,10,1
2022年度,藤井　黎來,Carp,500,投手,12,999,999
2022年度,小林　樹斗,Carp,500,投手,1,999,999
2022年度,持丸　泰輝,Carp,350,捕手,5,6,0
2022年度,ロハス・ジュニア,Tigers,26300,外野手,89,183,41
2022年度,アルカンタラ,Tigers,21000,投手,39,999,999
2022年度,西　勇輝,Tigers,20000,投手,23,999,999
2022年度,マルテ,Tigers,18700,内野手,33,90,23
2022年度,ガンケル,Tigers,16500,投手,16,999,999
2022年度,梅野　隆太郎,Tigers,16000,捕手,100,294,67
2022年度,岩崎　優,Tigers,15000,投手,57,999,999
2022年度,近本　光司,Tigers,15000,外野手,132,525,154
2022年度,ケラー,Tigers,12100,投手,34,999,999
2022年度,青柳　晃洋,Tigers,12000,投手,24,999,999
2022年度,秋山　拓巳,Tigers,11000,投手,5,999,999
2022年度,大山　悠輔,Tigers,10000,内野手,124,439,117
2022年度,糸井　嘉男,Tigers,8500,外野手,62,163,37
2022年度,糸原　健斗,Tigers,7900,内野手,132,445,110
2022年度,ウィルカーソン,Tigers,7150,投手,14,999,999
2022年度,藤浪　晋太郎,Tigers,4900,投手,16,999,999
2022年度,岩貞　祐太,Tigers,4500,投手,53,999,999
2022年度,伊藤　将司,Tigers,4400,投手,20,999,999
2022年度,佐藤　輝明,Tigers,4200,内野手,143,541,143
2022年度,中野　拓夢,Tigers,3700,内野手,135,569,157
2022年度,馬場　皐輔,Tigers,3400,投手,7,999,999
2022年度,ロドリゲス,Tigers,3250,内野手,24,65,10
2022年度,木浪　聖也,Tigers,2600,内野手,41,93,19
2022年度,原口　文仁,Tigers,2500,内野手,33,71,23
2022年度,髙山　俊,Tigers,2300,外野手,38,53,10
2022年度,坂本　誠志郎,Tigers,2200,捕手,60,127,24
2022年度,島本　浩也,Tigers,2100,投手,15,999,999
2022年度,陽川　尚将,Tigers,2050,内野手,45,68,20
2022年度,及川　雅貴,Tigers,2000,投手,1,999,999
2022年度,山本　泰寛,Tigers,1900,内野手,86,181,45
2022年度,北條　史也,Tigers,1900,内野手,32,43,8
2022年度,小林　慶祐,Tigers,1800,投手,10,999,999
2022年度,植田　海,Tigers,1750,内野手,57,12,3
2022年度,加治屋　蓮,Tigers,1500,投手,39,999,999
2022年度,小川　一平,Tigers,1400,投手,6,999,999
2022年度,島田　海吏,Tigers,1350,外野手,123,311,82
2022年度,小野　泰己,Tigers,1350,投手,5,999,999
2022年度,熊谷　敬宥,Tigers,1300,内野手,63,45,7
2022年度,西　純矢,Tigers,1250,投手,14,999,999
2022年度,齋藤　友貴哉,Tigers,1200,投手,20,999,999
2022年度,森木　大智,Tigers,1200,投手,2,999,999
2022年度,小幡　竜平,Tigers,1100,内野手,49,69,13
2022年度,江越　大賀,Tigers,1100,外野手,24,4,0
2022年度,桐敷　拓馬,Tigers,1000,投手,7,999,999
2022年度,板山　祐太郎,Tigers,1000,外野手,14,8,1
2022年度,榮枝　裕貴,Tigers,800,捕手,1,1,1
2022年度,豊田　寛,Tigers,800,外野手,5,7,0
2022年度,石井　大智,Tigers,800,投手,18,999,999
2022年度,尾仲　祐哉,Tigers,750,投手,1,999,999
2022年度,井上　広大,Tigers,720,外野手,2,5,0
2022年度,才木　浩人,Tigers,700,投手,9,999,999
2022年度,浜地　真澄,Tigers,700,投手,52,999,999
2022年度,長坂　拳弥,Tigers,700,捕手,27,40,7
2022年度,小野寺　暖,Tigers,650,外野手,32,44,6
2022年度,湯浅　京己,Tigers,500,投手,59,999,999
2022年度,髙寺　望夢,Tigers,480,内野手,8,23,3
2022年度,渡邉　雄大,Tigers,450,投手,32,999,999
2022年度,片山　雄哉,Tigers,420,捕手,2,2,0
2022年度,山﨑　康晃,DeNA,28000,投手,56,999,999
2022年度,ソト,DeNA,25000,内野手,117,368,98
2022年度,エスコバー,DeNA,20000,投手,70,999,999
2022年度,オースティン,DeNA,20000,外野手,38,32,5
2022年度,宮﨑　敏郎,DeNA,20000,内野手,122,434,130
2022年度,ロメロ,DeNA,12000,投手,23,999,999
2022年度,三嶋　一輝,DeNA,12000,投手,13,999,999
2022年度,佐野　恵太,DeNA,11000,外野手,133,526,161
2022年度,伊藤　光,DeNA,11000,捕手,40,94,26
2022年度,桑原　将志,DeNA,10500,外野手,130,475,122
2022年度,今永　昇太,DeNA,10000,投手,21,999,999
2022年度,大和,DeNA,9000,内野手,91,259,64
2022年度,クリスキー,DeNA,8000,投手,18,999,999
2022年度,牧　秀悟,DeNA,7000,内野手,135,509,148
2022年度,三上　朋也,DeNA,6500,投手,19,999,999
2022年度,石田　健大,DeNA,6490,投手,15,999,999
2022年度,柴田　竜拓,DeNA,5900,内野手,96,169,33
2022年度,濵口　遥大,DeNA,5830,投手,19,999,999
2022年度,大貫　晋一,DeNA,5780,投手,24,999,999
2022年度,砂田　毅樹,DeNA,5600,投手,15,999,999
2022年度,大田　泰示,DeNA,5000,外野手,62,144,40
2022年度,神里　和毅,DeNA,4780,外野手,81,95,18
2022年度,倉本　寿彦,DeNA,4120,内野手,44,52,9
2022年度,ガゼルマン,DeNA,4000,投手,4,999,999
2022年度,ピープルズ,DeNA,4000,投手,3,999,999
2022年度,戸柱　恭孝,DeNA,3740,捕手,72,144,38
2022年度,森原　康平,DeNA,3500,投手,6,999,999
2022年度,上茶谷　大河,DeNA,3300,投手,13,999,999
2022年度,伊勢　大夢,DeNA,2760,投手,71,999,999
2022年度,有吉　優樹,DeNA,2700,投手,1,999,999
2022年度,嶺井　博希,DeNA,2700,捕手,93,244,50
2022年度,東　克樹,DeNA,2510,投手,12,999,999
2022年度,楠本　泰史,DeNA,2310,外野手,94,282,71
2022年度,平田　真吾,DeNA,2300,投手,47,999,999
2022年度,関根　大気,DeNA,2200,外野手,104,201,51
2022年度,坂本　裕哉,DeNA,2200,投手,15,999,999
2022年度,京山　将弥,DeNA,2090,投手,17,999,999
2022年度,藤田　一也,DeNA,1800,内野手,33,36,9
2022年度,田中　俊太,DeNA,1700,内野手,19,19,3
2022年度,入江　大生,DeNA,1600,投手,57,999,999
2022年度,山下　幸輝,DeNA,1380,内野手,12,12,1
2022年度,森　敬斗,DeNA,1350,内野手,61,154,36
2022年度,田中　健二朗,DeNA,1300,投手,47,999,999
2022年度,細川　成也,DeNA,1040,外野手,18,19,1
2022年度,山本　祐大,DeNA,1030,捕手,17,29,3
2022年度,阪口　皓亮,DeNA,935,投手,1,999,999
2022年度,蝦名　達夫,DeNA,935,外野手,61,158,39
2022年度,知野　直人,DeNA,910,内野手,16,13,2
2022年度,三浦　銀二,DeNA,870,投手,6,999,999
2022年度,宮本　秀明,DeNA,865,外野手,29,36,5
2022年度,宮國　椋丞,DeNA,840,投手,17,999,999
2022年度,池谷　蒼大,DeNA,720,投手,6,999,999
2022年度,梶原　昂希,DeNA,690,外野手,6,15,4
2022年度,中川　虎大,DeNA,660,投手,8,999,999
2022年度,益子　京右,DeNA,580,捕手,1,1,0
2022年度,田部　隼人,DeNA,560,内野手,3,4,0
2022年度,石川　達也,DeNA,340,投手,3,999,999
2022年度,菅野　智之,Giants,60000,投手,23,999,999
2022年度,坂本　勇人,Giants,60000,内野手,83,304,87
2022年度,丸　佳浩,Giants,45000,外野手,143,525,143
2022年度,岡本　和真,Giants,30000,内野手,140,520,131
2022年度,ポランコ,Giants,25000,外野手,138,438,105
2022年度,アンドリース,Giants,22000,投手,5,999,999
2022年度,デラロサ,Giants,18150,投手,30,999,999
2022年度,中田　翔,Giants,15000,内野手,109,338,91
2022年度,シューメーカー,Giants,15000,投手,18,999,999
2022年度,ビエイラ,Giants,14300,投手,9,999,999
2022年度,ウィーラー,Giants,11000,内野手,30,56,11
2022年度,井納　翔一,Giants,10000,投手,7,999,999
2022年度,小林　誠司,Giants,10000,捕手,60,88,13
2022年度,高梨　雄平,Giants,7800,投手,59,999,999
2022年度,鍵谷　陽平,Giants,7500,投手,21,999,999
2022年度,山口　俊,Giants,6000,投手,1,999,999
2022年度,大城　卓三,Giants,5500,捕手,115,346,92
2022年度,中島　宏之,Giants,5200,内野手,62,99,24
2022年度,メルセデス,Giants,4950,投手,20,999,999
2022年度,松原　聖弥,Giants,4000,外野手,50,71,8
2022年度,戸郷　翔征,Giants,4000,投手,25,999,999
2022年度,吉川　尚輝,Giants,3700,内野手,132,516,143
2022年度,畠　世周,Giants,3630,投手,27,999,999
2022年度,髙橋　優貴,Giants,3600,投手,10,999,999
2022年度,クロール,Giants,3500,投手,21,999,999
2022年度,ウォーカー,Giants,3300,外野手,124,406,110
2022年度,今村　信貴,Giants,3000,投手,55,999,999
2022年度,若林　晃弘,Giants,2800,内野手,43,80,16
2022年度,大江　竜聖,Giants,2800,投手,3,999,999
2022年度,重信　慎之介,Giants,2700,外野手,77,111,24
2022年度,桜井　俊貴,Giants,2160,投手,8,999,999
2022年度,戸根　千明,Giants,2100,投手,9,999,999
2022年度,増田　大輝,Giants,2100,内野手,58,20,3
2022年度,高木　京介,Giants,2000,投手,17,999,999
2022年度,立岡　宗一郎,Giants,2000,外野手,54,54,11
2022年度,石川　慎吾,Giants,1900,外野手,22,29,8
2022年度,廣岡　大志,Giants,1900,内野手,28,50,9
2022年度,北村　拓己,Giants,1800,内野手,33,52,9
2022年度,大勢,Giants,1600,投手,57,999,999
2022年度,岸田　行倫,Giants,1600,捕手,25,35,9
2022年度,平内　龍太,Giants,1450,投手,53,999,999
2022年度,山﨑　伊織,Giants,1200,投手,20,999,999
2022年度,香月　一也,Giants,1200,内野手,15,35,7
2022年度,鍬原　拓也,Giants,1060,投手,49,999,999
2022年度,赤星　優志,Giants,1000,投手,31,999,999
2022年度,湯浅　大,Giants,800,内野手,63,30,3
2022年度,岡田　悠希,Giants,800,外野手,33,21,2
2022年度,直江　大輔,Giants,760,投手,9,999,999
2022年度,八百板　卓丸,Giants,720,外野手,39,44,10
2022年度,山本　一輝,Giants,690,投手,2,999,999
2022年度,横川　凱,Giants,650,投手,1,999,999
2022年度,増田　陸,Giants,610,内野手,69,140,35
2022年度,中山　礼都,Giants,610,内野手,50,131,26
2022年度,堀田　賢慎,Giants,580,投手,8,999,999
2022年度,山瀬　慎之助,Giants,570,捕手,8,11,2
2022年度,戸田　懐生,Giants,520,投手,14,999,999
2022年度,井上　温大,Giants,510,投手,7,999,999
2022年度,喜多　隆介,Giants,460,捕手,14,9,1
2022年度,菊地　大稀,Giants,400,投手,16,999,999
2022年度,坂本　勇人,Giants,370,捕手,83,304,87
2022年度,ビシエド,Dragons,35000,内野手,129,483,142
2022年度,大野　雄大,Dragons,30000,投手,23,999,999
2022年度,大島　洋平,Dragons,25000,外野手,109,436,137
2022年度,Ｒ．マルティネス,Dragons,20000,投手,56,999,999
2022年度,祖父江　大輔,Dragons,10000,投手,46,999,999
2022年度,柳　裕也,Dragons,10000,投手,25,999,999
2022年度,高橋　周平,Dragons,7500,内野手,78,265,66
2022年度,岩嵜　翔,Dragons,6800,投手,1,999,999
2022年度,京田　陽太,Dragons,6400,内野手,43,128,22
2022年度,ロドリゲス,Dragons,6000,投手,56,999,999
2022年度,福　敬登,Dragons,6000,投手,36,999,999
2022年度,木下　拓哉,Dragons,4800,捕手,120,419,103
2022年度,谷元　圭介,Dragons,4700,投手,34,999,999
2022年度,福田　永将,Dragons,4500,内野手,25,28,6
2022年度,小笠原　慎之介,Dragons,3600,投手,22,999,999
2022年度,阿部　寿樹,Dragons,3600,内野手,133,486,131
2022年度,田島　慎二,Dragons,3500,投手,21,999,999
2022年度,福留　孝介,Dragons,3300,外野手,23,24,1
2022年度,平田　良介,Dragons,3000,外野手,51,75,15
2022年度,Ａ．マルティネス,Dragons,3000,捕手,82,254,70
2022年度,藤嶋　健人,Dragons,3000,投手,50,999,999
2022年度,堂上　直倫,Dragons,2900,内野手,16,18,5
2022年度,福谷　浩司,Dragons,2900,投手,5,999,999
2022年度,松葉　貴大,Dragons,2800,投手,19,999,999
2022年度,大野　奨太,Dragons,2800,捕手,8,17,5
2022年度,岡田　俊哉,Dragons,2400,投手,2,999,999
2022年度,加藤　翔平,Dragons,2200,外野手,66,27,6
2022年度,勝野　昌慶,Dragons,2100,投手,8,999,999
2022年度,後藤　駿太,Dragons,2100,外野手,35,50,8
2022年度,鈴木　博志,Dragons,1500,投手,3,999,999
2022年度,髙橋　宏斗,Dragons,1400,投手,19,999,999
2022年度,橋本　侑樹,Dragons,1350,投手,4,999,999
2022年度,根尾　昂,Dragons,1300,外野手,49,40,8
2022年度,三ツ俣　大樹,Dragons,1200,内野手,58,123,26
2022年度,鵜飼　航丞,Dragons,1200,外野手,59,180,37
2022年度,桂　依央利,Dragons,1100,捕手,10,9,2
2022年度,石川　昂弥,Dragons,1100,内野手,37,129,29
2022年度,森　博人,Dragons,1100,投手,30,999,999
2022年度,佐藤　優,Dragons,1080,投手,4,999,999
2022年度,髙松　渡,Dragons,1060,内野手,51,14,1
2022年度,ガルシア,Dragons,1000,外野手,2,9,1
2022年度,山本　拓実,Dragons,1000,投手,30,999,999
2022年度,レビーラ,Dragons,1000,内野手,21,64,13
2022年度,笠原　祥太郎,Dragons,1000,投手,4,999,999
2022年度,郡司　裕也,Dragons,950,捕手,33,42,8
2022年度,渡辺　勝,Dragons,900,外野手,10,9,2
2022年度,溝脇　隼人,Dragons,900,内野手,87,139,35
2022年度,岡野　祐一郎,Dragons,880,投手,4,999,999
2022年度,岡林　勇希,Dragons,740,外野手,142,553,161
2022年度,石垣　雅海,Dragons,740,内野手,50,68,11
2022年度,三好　大倫,Dragons,740,外野手,45,55,12
2022年度,滝野　要,Dragons,730,外野手,11,10,3
2022年度,福元　悠真,Dragons,720,外野手,1,4,1
2022年度,清水　達也,Dragons,720,投手,54,999,999
2022年度,伊藤　康祐,Dragons,700,外野手,28,26,6
2022年度,石橋　康太,Dragons,665,捕手,31,67,12
2022年度,土田　龍空,Dragons,650,内野手,62,210,52
2022年度,山下　斐紹,Dragons,600,捕手,20,23,3
2022年度,タバーレス,Dragons,600,投手,3,999,999
2022年度,マルク,Dragons,440,投手,2,999,999
2022年度,上田　洸太朗,Dragons,300,投手,8,999,999
2022年度,ワカマツ,Dragons,300,内野手,2,3,0
2022年度,山田　哲人,Swallows,50000,内野手,130,469,114
2022年度,青木　宣親,Swallows,33000,外野手,81,222,55
2022年度,村上　宗隆,Swallows,22000,内野手,141,487,155
2022年度,サンタナ,Swallows,19000,外野手,60,189,52
2022年度,中村　悠平,Swallows,17000,捕手,86,266,70
2022年度,小川　泰弘,Swallows,16000,投手,25,999,999
2022年度,オスナ,Swallows,15400,内野手,138,496,135
2022年度,石山　泰稚,Swallows,15000,投手,38,999,999
2022年度,マクガフ,Swallows,12100,投手,55,999,999
2022年度,サイスニード,Swallows,9500,投手,23,999,999
2022年度,石川　雅規,Swallows,9000,投手,16,999,999
2022年度,清水　昇,Swallows,8800,投手,50,999,999
2022年度,コール,Swallows,8800,投手,34,999,999
2022年度,スアレス,Swallows,8800,投手,6,999,999
2022年度,田口　麗斗,Swallows,7000,投手,45,999,999
2022年度,キブレハン,Swallows,6000,外野手,29,83,20
2022年度,川端　慎吾,Swallows,5000,内野手,52,57,10
2022年度,坂口　智隆,Swallows,5000,外野手,24,43,12
2022年度,塩見　泰隆,Swallows,4500,外野手,130,508,140
2022年度,内川　聖一,Swallows,4000,内野手,7,16,4
2022年度,高梨　裕稔,Swallows,3700,投手,20,999,999
2022年度,奥川　恭伸,Swallows,3600,投手,1,999,999
2022年度,西浦　直亨,Swallows,3300,内野手,6,14,1
2022年度,今野　龍太,Swallows,3200,投手,51,999,999
2022年度,山崎　晃大朗,Swallows,2700,外野手,118,341,88
2022年度,梅野　雄吾,Swallows,2600,投手,41,999,999
2022年度,荒木　貴裕,Swallows,2600,内野手,47,22,3
2022年度,原　樹理,Swallows,2600,投手,22,999,999
2022年度,高橋　奎二,Swallows,2200,投手,17,999,999
2022年度,西田　明央,Swallows,2200,捕手,10,13,4
2022年度,嶋　基宏,Swallows,2000,捕手,2,2,0
2022年度,宮本　丈,Swallows,1700,内野手,66,114,29
2022年度,星　知弥,Swallows,1700,投手,7,999,999
2022年度,大下　佑馬,Swallows,1500,投手,10,999,999
2022年度,元山　飛優,Swallows,1500,内野手,13,27,4
2022年度,大西　広樹,Swallows,1400,投手,43,999,999
2022年度,山下　輝,Swallows,1400,投手,2,999,999
2022年度,太田　賢吾,Swallows,1300,内野手,37,118,32
2022年度,古賀　優大,Swallows,1300,捕手,37,71,13
2022年度,柴田　大地,Swallows,1200,投手,1,999,999
2022年度,丸山　和郁,Swallows,1200,外野手,71,90,21
2022年度,渡邉　大樹,Swallows,1200,外野手,49,16,2
2022年度,金久保　優斗,Swallows,1200,投手,3,999,999
2022年度,吉田　大喜,Swallows,1200,投手,2,999,999
2022年度,木澤　尚文,Swallows,1200,投手,55,999,999
2022年度,奥村　展征,Swallows,1050,内野手,43,41,6
2022年度,山本　大貴,Swallows,1000,投手,5,999,999
2022年度,松本　直樹,Swallows,900,捕手,10,20,4
2022年度,並木　秀尊,Swallows,850,外野手,14,22,4
2022年度,松本　友,Swallows,800,内野手,7,17,6
2022年度,杉山　晃基,Swallows,700,投手,1,999,999
2022年度,濱田　太貴,Swallows,700,外野手,73,141,29
2022年度,久保　拓眞,Swallows,650,投手,29,999,999
2022年度,宮台　康平,Swallows,620,投手,2,999,999
2022年度,武岡　龍世,Swallows,600,内野手,7,17,7
2022年度,長岡　秀樹,Swallows,600,内野手,139,511,123
2022年度,内山　壮真,Swallows,600,捕手,74,177,41
2022年度,市川　悠太,Swallows,570,投手,6,999,999
2022年度,竹山　日向,Swallows,500,投手,1,999,999
2022年度,小澤　怜史,Swallows,400,投手,10,999,999
2022年度,赤羽　由紘,Swallows,300,内野手,10,10,1
2022年度,柳田　悠岐,Softbank,62000,外野手,117,437,120
2022年度,千賀　滉大,Softbank,60000,投手,22,999,999
2022年度,森　唯斗,Softbank,46000,投手,29,999,999
2022年度,ガルビス,Softbank,35000,内野手,38,111,19
2022年度,モイネロ,Softbank,30000,投手,53,999,999
2022年度,今宮　健太,Softbank,29000,内野手,130,450,133
2022年度,デスパイネ,Softbank,27000,外野手,89,297,80
2022年度,グラシアル,Softbank,27000,内野手,99,347,94
2022年度,中村　晃,Softbank,24000,外野手,114,379,96
2022年度,甲斐　拓也,Softbank,21000,捕手,130,323,58
2022年度,嘉弥真　新也,Softbank,16000,投手,56,999,999
2022年度,武田　翔太,Softbank,15000,投手,10,999,999
2022年度,和田　毅,Softbank,15000,投手,17,999,999
2022年度,松田　宣浩,Softbank,15000,内野手,43,98,20
2022年度,石川　柊太,Softbank,12000,投手,23,999,999
2022年度,レイ,Softbank,10000,投手,23,999,999
2022年度,東浜　巨,Softbank,8000,投手,23,999,999
2022年度,栗原　陵矢,Softbank,8000,外野手,5,17,6
2022年度,明石　健志,Softbank,6500,内野手,22,30,5
2022年度,高橋　礼,Softbank,5400,投手,4,999,999
2022年度,牧原　大成,Softbank,4500,内野手,120,409,123
2022年度,上林　誠知,Softbank,4350,外野手,33,93,28
2022年度,又吉　克樹,Softbank,4200,投手,31,999,999
2022年度,周東　佑京,Softbank,3600,内野手,80,288,77
2022年度,甲斐野　央,Softbank,3600,投手,27,999,999
2022年度,津森　宥紀,Softbank,3000,投手,51,999,999
2022年度,松本　裕樹,Softbank,2800,投手,44,999,999
2022年度,泉　圭輔,Softbank,2700,投手,30,999,999
2022年度,板東　湧梧,Softbank,2700,投手,25,999,999
2022年度,三森　大貴,Softbank,2400,内野手,102,393,101
2022年度,笠谷　俊介,Softbank,2200,投手,16,999,999
2022年度,大竹　耕太郎,Softbank,2100,投手,2,999,999
2022年度,中谷　将大,Softbank,2000,外野手,16,28,6
2022年度,髙田　知季,Softbank,1950,内野手,18,13,3
2022年度,椎野　新,Softbank,1900,投手,18,999,999
2022年度,杉山　一樹,Softbank,1400,投手,10,999,999
2022年度,川瀬　晃,Softbank,1400,内野手,73,90,25
2022年度,真砂　勇介,Softbank,1400,外野手,29,28,2
2022年度,佐藤　直樹,Softbank,1400,外野手,48,31,4
2022年度,田中　正義,Softbank,1300,投手,5,999,999
2022年度,野村　勇,Softbank,1200,内野手,97,180,43
2022年度,正木　智也,Softbank,1200,外野手,35,67,17
2022年度,リチャード,Softbank,1160,内野手,23,63,10
2022年度,海野　隆司,Softbank,1150,捕手,47,42,7
2022年度,大関　友久,Softbank,1100,投手,21,999,999
2022年度,田浦　文丸,Softbank,960,投手,4,999,999
2022年度,谷川原　健太,Softbank,950,捕手,71,64,15
2022年度,奥村　政稔,Softbank,900,投手,4,999,999
2022年度,柳町　達,Softbank,800,外野手,107,321,89
2022年度,尾形　崇斗,Softbank,750,投手,9,999,999
2022年度,野村　大樹,Softbank,700,内野手,31,70,16
2022年度,増田　珠,Softbank,660,内野手,15,39,10
2022年度,渡邉　陸,Softbank,600,捕手,20,33,9
2022年度,田上　奏大,Softbank,550,投手,2,999,999
2022年度,藤井　皓哉,Softbank,550,投手,55,999,999
2022年度,川原田　純平,Softbank,550,内野手,1,1,0
2022年度,黒瀬　健太,Softbank,500,内野手,7,12,2
2022年度,中村　亮太,Softbank,400,投手,2,999,999
2022年度,増田　達至,Lions,30000,投手,52,999,999
2022年度,森　友哉,Lions,21000,捕手,102,366,92
2022年度,中村　剛也,Lions,20000,内野手,88,276,54
2022年度,源田　壮亮,Lions,19000,内野手,108,414,110
2022年度,栗山　巧,Lions,17900,外野手,89,239,63
2022年度,山川　穂高,Lions,13000,内野手,129,448,119
2022年度,金子　侑司,Lions,12600,外野手,44,119,33
2022年度,髙橋　光成,Lions,11000,投手,26,999,999
2022年度,外崎　修汰,Lions,10400,内野手,132,478,103
2022年度,エンス,Lions,10000,投手,23,999,999
2022年度,平良　海馬,Lions,10000,投手,61,999,999
2022年度,オグレディ,Lions,8000,外野手,123,404,86
2022年度,十亀　剣,Lions,7000,投手,13,999,999
2022年度,平井　克典,Lions,6800,投手,30,999,999
2022年度,スミス,Lions,6500,投手,20,999,999
2022年度,松本　航,Lions,5400,投手,21,999,999
2022年度,今井　達也,Lions,5100,投手,9,999,999
2022年度,内海　哲也,Lions,4500,投手,5,999,999
2022年度,公文　克彦,Lions,4050,投手,18,999,999
2022年度,ジャンセン・ウィティ,Lions,4000,内野手,35,120,23
2022年度,森脇　亮介,Lions,3500,投手,43,999,999
2022年度,岡田　雅利,Lions,3000,捕手,1,0,0
2022年度,呉　念庭,Lions,2500,内野手,94,260,59
2022年度,ボー・タカハシ,Lions,2000,投手,27,999,999
2022年度,愛斗,Lions,2000,外野手,121,366,89
2022年度,宮川　哲,Lions,1900,投手,45,999,999
2022年度,佐野　泰雄,Lions,1800,投手,2,999,999
2022年度,岸　潤一郎,Lions,1600,外野手,45,73,15
2022年度,隅田　知一郎,Lions,1600,投手,16,999,999
2022年度,平沼　翔太,Lions,1400,内野手,30,73,19
2022年度,若林　楽人,Lions,1400,外野手,28,87,18
2022年度,柘植　世那,Lions,1400,捕手,42,104,18
2022年度,熊代　聖人,Lions,1400,外野手,43,10,2
2022年度,佐々木　健,Lions,1350,投手,37,999,999
2022年度,本田　圭佑,Lions,1260,投手,45,999,999
2022年度,田村　伊知郎,Lions,1250,投手,3,999,999
2022年度,佐藤　隼輔,Lions,1250,投手,12,999,999
2022年度,山田　遥楓,Lions,1240,内野手,74,80,16
2022年度,山野辺　翔,Lions,1200,内野手,30,33,5
2022年度,古賀　悠斗,Lions,1200,捕手,26,58,9
2022年度,川越　誠司,Lions,1200,外野手,50,139,36
2022年度,與座　海人,Lions,1100,投手,20,999,999
2022年度,水上　由伸,Lions,1000,投手,60,999,999
2022年度,渡邉　勇太朗,Lions,1000,投手,3,999,999
2022年度,大曲　錬,Lions,900,投手,6,999,999
2022年度,鈴木　将平,Lions,860,外野手,58,212,53
2022年度,西川　愛也,Lions,780,外野手,35,30,0
2022年度,中山　誠吾,Lions,700,内野手,1,3,0
2022年度,高木　渉,Lions,650,外野手,13,36,4
2022年度,川野　涼多,Lions,650,内野手,5,7,1
2022年度,戸川　大輔,Lions,580,外野手,6,6,0
2022年度,牧野　翔矢,Lions,570,捕手,11,29,4
2022年度,齊藤　誠人,Lions,530,捕手,1,0,0
2022年度,中熊　大智,Lions,350,捕手,1,1,0
2022年度,滝澤　夏央,Lions,280,内野手,48,85,19
2022年度,長谷川　信哉,Lions,280,内野手,37,65,12
2022年度,田中　将大,Eagles,90000,投手,25,999,999
2022年度,浅村　栄斗,Eagles,50000,内野手,143,532,134
2022年度,則本　昂大,Eagles,30000,投手,21,999,999
2022年度,松井　裕樹,Eagles,25000,投手,53,999,999
2022年度,岸　孝之,Eagles,25000,投手,22,999,999
2022年度,鈴木　大地,Eagles,20000,内野手,125,408,105
2022年度,ブセニッツ,Eagles,15750,投手,34,999,999
2022年度,島内　宏明,Eagles,12000,外野手,142,541,161
2022年度,宋　家豪,Eagles,11000,投手,54,999,999
2022年度,涌井　秀章,Eagles,11000,投手,10,999,999
2022年度,銀次,Eagles,11000,内野手,83,238,62
2022年度,ギッテンス,Eagles,9900,内野手,21,62,15
2022年度,マルモレホス,Eagles,9900,外野手,58,202,42
2022年度,炭谷　銀仁朗,Eagles,9500,捕手,98,253,60
2022年度,西川　遥輝,Eagles,8500,外野手,108,372,81
2022年度,茂木　栄五郎,Eagles,8400,内野手,73,238,53
2022年度,酒居　知史,Eagles,7000,投手,34,999,999
2022年度,岡島　豪郎,Eagles,5000,外野手,53,182,39
2022年度,辛島　航,Eagles,4000,投手,17,999,999
2022年度,安樂　智大,Eagles,4000,投手,52,999,999
2022年度,小深田　大翔,Eagles,3700,内野手,118,424,113
2022年度,早川　隆久,Eagles,3600,投手,19,999,999
2022年度,川島　慶三,Eagles,3500,内野手,12,22,3
2022年度,辰己　涼介,Eagles,3300,外野手,120,409,111
2022年度,太田　光,Eagles,3000,捕手,71,145,31
2022年度,瀧中　瞭太,Eagles,3000,投手,15,999,999
2022年度,田中　和基,Eagles,2200,外野手,77,63,9
2022年度,福山　博之,Eagles,2000,投手,3,999,999
2022年度,福井　優也,Eagles,2000,投手,11,999,999
2022年度,西口　直人,Eagles,1800,投手,61,999,999
2022年度,山﨑　剛,Eagles,1700,内野手,79,187,38
2022年度,石橋　良太,Eagles,1600,投手,26,999,999
2022年度,渡邊　佳明,Eagles,1250,内野手,60,153,37
2022年度,弓削　隼人,Eagles,1150,投手,13,999,999
2022年度,安田　悠馬,Eagles,1100,捕手,5,10,2
2022年度,高田　孝一,Eagles,1050,投手,2,999,999
2022年度,津留﨑　大成,Eagles,1050,投手,11,999,999
2022年度,藤井　聖,Eagles,1000,投手,4,999,999
2022年度,内田　靖人,Eagles,1000,内野手,8,10,1
2022年度,オコエ　瑠偉,Eagles,1000,外野手,6,25,5
2022年度,釜田　佳直,Eagles,1000,投手,2,999,999
2022年度,藤平　尚真,Eagles,1000,投手,8,999,999
2022年度,村林　一輝,Eagles,950,内野手,47,16,3
2022年度,伊藤　裕季也,Eagles,900,内野手,3,8,0
2022年度,小郷　裕哉,Eagles,900,外野手,10,18,3
2022年度,内間　拓馬,Eagles,870,投手,1,999,999
2022年度,田中　貴也,Eagles,800,捕手,18,17,2
2022年度,黒川　史陽,Eagles,780,内野手,17,63,14
2022年度,堀内　謙伍,Eagles,750,捕手,5,1,0
2022年度,岩見　政暉,Eagles,750,外野手,3,7,2
2022年度,和田　恋,Eagles,720,外野手,11,29,2
2022年度,吉川　雄大,Eagles,700,投手,4,999,999
2022年度,松井　友飛,Eagles,700,投手,1,999,999
2022年度,髙田　萌生,Eagles,700,投手,3,999,999
2022年度,西垣　雅矢,Eagles,700,投手,24,999,999
2022年度,武藤　敦貴,Eagles,660,外野手,43,88,22
2022年度,鈴木　翔天,Eagles,650,投手,38,999,999
2022年度,石原　彪,Eagles,600,捕手,1,1,0
2022年度,渡邊　佑樹,Eagles,580,投手,13,999,999
2022年度,宮森　智志,Eagles,250,投手,26,999,999
2022年度,小峯　新陸,Eagles,230,投手,6,999,999
2022年度,吉田　正尚,Orix,40000,外野手,119,412,138
2022年度,山本　由伸,Orix,37000,投手,26,999,999
2022年度,平野　佳寿,Orix,20000,投手,48,999,999
2022年度,バレラ,Orix,10000,内野手,37,112,23
2022年度,Ｔ－岡田,Orix,9500,外野手,36,87,13
2022年度,マッカーシー,Orix,9000,外野手,59,178,40
2022年度,田嶋　大樹,Orix,8000,投手,20,999,999
2022年度,ビドル,Orix,7500,投手,35,999,999
2022年度,山岡　泰輔,Orix,7200,投手,22,999,999
2022年度,安達　了一,Orix,7000,内野手,65,206,54
2022年度,杉本　裕太郎,Orix,7000,外野手,105,379,89
2022年度,ワゲスパック,Orix,7000,投手,32,999,999
2022年度,増井　浩俊,Orix,7000,投手,2,999,999
2022年度,福田　周平,Orix,6000,外野手,118,448,120
2022年度,ラベロ,Orix,6000,内野手,24,58,8
2022年度,宗　佑磨,Orix,5700,内野手,130,469,127
2022年度,宮城　大弥,Orix,5000,投手,24,999,999
2022年度,山﨑　福也,Orix,5000,投手,24,999,999
2022年度,山田　修義,Orix,4600,投手,12,999,999
2022年度,能見　篤史,Orix,4500,投手,5,999,999
2022年度,伏見　寅威,Orix,4500,捕手,76,205,47
2022年度,富山　凌雅,Orix,4200,投手,8,999,999
2022年度,若月　健矢,Orix,3800,捕手,68,171,48
2022年度,バルガス,Orix,3000,投手,8,999,999
2022年度,紅林　弘太郎,Orix,2880,内野手,130,450,101
2022年度,大城　滉二,Orix,2800,内野手,57,90,22
2022年度,近藤　大亮,Orix,2800,投手,32,999,999
2022年度,比嘉　幹貴,Orix,2800,投手,30,999,999
2022年度,松井　雅人,Orix,2500,捕手,6,1,0
2022年度,小田　裕也,Orix,2400,外野手,72,24,5
2022年度,吉田　凌,Orix,2300,投手,6,999,999
2022年度,中川　圭太,Orix,2200,内野手,110,424,120
2022年度,Ｋ－鈴木,Orix,2150,投手,14,999,999
2022年度,竹安　大知,Orix,2000,投手,6,999,999
2022年度,頓宮　裕真,Orix,1900,捕手,81,234,53
2022年度,山足　達也,Orix,1800,内野手,39,44,8
2022年度,佐野　皓大,Orix,1700,外野手,78,107,24
2022年度,西野　真弘,Orix,1680,内野手,43,114,33
2022年度,太田　椋,Orix,1600,内野手,32,92,18
2022年度,椋木　蓮,Orix,1600,投手,4,999,999
2022年度,黒木　優太,Orix,1575,投手,27,999,999
2022年度,山﨑　颯一郎,Orix,1300,投手,15,999,999
2022年度,齋藤　綱記,Orix,1300,投手,5,999,999
2022年度,村西　良太,Orix,1300,投手,22,999,999
2022年度,西村　凌,Orix,1000,外野手,16,45,6
2022年度,福永　奨,Orix,1000,捕手,5,8,1
2022年度,野口　智哉,Orix,1000,内野手,54,155,35
2022年度,大下　誠一郎,Orix,900,内野手,5,8,2
2022年度,渡部　遼人,Orix,900,外野手,16,17,1
2022年度,張　奕,Orix,900,投手,15,999,999
2022年度,阿部　翔太,Orix,830,投手,44,999,999
2022年度,来田　涼斗,Orix,800,外野手,10,23,3
2022年度,小木田　敦也,Orix,800,投手,16,999,999
2022年度,元　謙太,Orix,650,外野手,5,8,2
2022年度,宜保　翔,Orix,600,内野手,23,29,5
2022年度,中村　勝,Orix,600,投手,3,999,999
2022年度,石岡　諒太,Orix,562,内野手,17,33,5
2022年度,池田　陵真,Orix,500,外野手,6,20,3
2022年度,佐野　如一,Orix,500,外野手,2,2,0
2022年度,本田　仁海,Orix,500,投手,42,999,999
2022年度,東　晃平,Orix,270,投手,4,999,999
2022年度,宇田川　優希,Orix,240,投手,19,999,999
2022年度,近藤　健介,Fighters,25500,外野手,99,325,98
2022年度,宮西　尚生,Fighters,25000,投手,24,999,999
2022年度,ヌニエス,Fighters,18000,内野手,63,167,29
2022年度,上沢　直之,Fighters,15000,投手,23,999,999
2022年度,ポンセ,Fighters,10000,投手,14,999,999
2022年度,ロドリゲス,Fighters,9000,投手,22,999,999
2022年度,中島　卓也,Fighters,8000,内野手,68,130,29
2022年度,加藤　貴之,Fighters,7300,投手,22,999,999
2022年度,王　柏融,Fighters,7000,外野手,15,32,2
2022年度,杉浦　稔大,Fighters,7000,投手,16,999,999
2022年度,アルカンタラ,Fighters,6000,内野手,97,263,55
2022年度,堀　瑞輝,Fighters,6000,投手,41,999,999
2022年度,玉井　大翔,Fighters,5800,投手,50,999,999
2022年度,渡邉　諒,Fighters,5000,内野手,21,60,14
2022年度,伊藤　大海,Fighters,4100,投手,26,999,999
2022年度,石川　直也,Fighters,4000,投手,36,999,999
2022年度,井口　和朋,Fighters,3600,投手,23,999,999
2022年度,清水　優心,Fighters,3400,捕手,30,62,12
2022年度,メネズ,Fighters,3000,投手,15,999,999
2022年度,河野　竜生,Fighters,3000,投手,21,999,999
2022年度,杉谷　拳士,Fighters,2800,内野手,51,97,16
2022年度,石井　一成,Fighters,2500,内野手,102,296,70
2022年度,淺間　大基,Fighters,2500,外野手,75,224,52
2022年度,谷内　亮太,Fighters,2300,内野手,78,153,41
2022年度,髙濱　祐仁,Fighters,2200,内野手,7,17,1
2022年度,松本　剛,Fighters,2050,外野手,117,395,137
2022年度,金子　千尋,Fighters,2000,投手,3,999,999
2022年度,木村　文紀,Fighters,2000,外野手,38,95,17
2022年度,宇佐見　真吾,Fighters,2000,捕手,81,215,55
2022年度,西村　天裕,Fighters,2000,投手,18,999,999
2022年度,野村　佑希,Fighters,2000,内野手,93,348,97
2022年度,清宮　幸太郎,Fighters,1700,内野手,129,406,89
2022年度,立野　和明,Fighters,1700,投手,3,999,999
2022年度,石川　亮,Fighters,1700,捕手,23,45,7
2022年度,池田　隆英,Fighters,1700,投手,4,999,999
2022年度,上原　健太,Fighters,1600,投手,25,999,999
2022年度,五十幡　亮汰,Fighters,1150,外野手,6,14,4
2022年度,福田　俊,Fighters,1100,投手,13,999,999
2022年度,鈴木　健矢,Fighters,1050,投手,19,999,999
2022年度,達　孝太,Fighters,1000,投手,1,999,999
2022年度,上川畑　大悟,Fighters,1000,内野手,80,261,76
2022年度,佐藤　龍世,Fighters,980,内野手,37,96,11
2022年度,吉田　輝星,Fighters,970,投手,51,999,999
2022年度,古川　裕大,Fighters,900,捕手,36,96,22
2022年度,水野　達稀,Fighters,900,内野手,21,41,5
2022年度,生田目　翼,Fighters,900,投手,2,999,999
2022年度,谷川　昌希,Fighters,900,投手,9,999,999
2022年度,万波　中正,Fighters,900,外野手,100,296,60
2022年度,今川　優馬,Fighters,870,外野手,94,273,62
2022年度,郡　拓也,Fighters,800,捕手,26,56,7
2022年度,望月　大希,Fighters,770,投手,9,999,999
2022年度,北浦　竜次,Fighters,720,投手,11,999,999
2022年度,梅林　優貴,Fighters,700,捕手,22,48,5
2022年度,北山　亘基,Fighters,700,投手,55,999,999
2022年度,片岡　奨人,Fighters,700,外野手,13,24,3
2022年度,長谷川　威展,Fighters,700,投手,2,999,999
2022年度,有薗　直輝,Fighters,600,内野手,4,7,0
2022年度,細川　凌平,Fighters,570,内野手,20,41,7
2022年度,田中　瑛斗,Fighters,560,投手,4,999,999
2022年度,宮田　輝星,Fighters,550,外野手,6,7,1
2022年度,上野　響平,Fighters,550,内野手,12,27,2
2022年度,古川　侑利,Fighters,550,投手,34,999,999
2022年度,田宮　裕涼,Fighters,530,捕手,14,18,2
2022年度,松浦　慶斗,Fighters,520,投手,1,999,999
2022年度,畔柳　亨丞,Fighters,520,投手,1,999,999
2022年度,根本　悠楓,Fighters,520,投手,13,999,999
2022年度,阪口　樂,Fighters,520,内野手,3,6,1
2022年度,柿木　蓮,Fighters,520,投手,4,999,999
2022年度,レアード,Lotte,32000,内野手,112,365,69
2022年度,益田　直也,Lotte,20000,投手,52,999,999
2022年度,マーティン,Lotte,20000,外野手,68,221,36
2022年度,石川　歩,Lotte,15000,投手,20,999,999
2022年度,美馬　学,Lotte,12000,投手,20,999,999
2022年度,福田　秀平,Lotte,12000,外野手,20,41,7
2022年度,中村　奨吾,Lotte,11000,内野手,138,498,128
2022年度,エチェバリア,Lotte,10000,内野手,76,243,54
2022年度,荻野　貴司,Lotte,10000,外野手,89,326,101
2022年度,唐川　侑己,Lotte,9500,投手,17,999,999
2022年度,オスナ,Lotte,9000,投手,29,999,999
2022年度,国吉　佑樹,Lotte,7400,投手,6,999,999
2022年度,角中　勝也,Lotte,6500,外野手,53,129,33
2022年度,田村　龍弘,Lotte,6500,捕手,2,5,1
2022年度,藤岡　裕大,Lotte,6250,内野手,28,68,12
2022年度,小島　和哉,Lotte,6200,投手,24,999,999
2022年度,二木　康太,Lotte,5500,投手,9,999,999
2022年度,ロメロ,Lotte,5000,投手,20,999,999
2022年度,ゲレーロ,Lotte,5000,投手,49,999,999
2022年度,岩下　大輝,Lotte,4500,投手,14,999,999
2022年度,佐々木　千隼,Lotte,4500,投手,23,999,999
2022年度,西野　勇士,Lotte,4250,投手,37,999,999
2022年度,井上　晴哉,Lotte,4200,内野手,60,199,49
2022年度,田中　靖洋,Lotte,3400,投手,15,999,999
2022年度,岡　大海,Lotte,3200,外野手,98,207,45
2022年度,佐々木　朗希,Lotte,3000,投手,20,999,999
2022年度,安田　尚憲,Lotte,3000,内野手,119,388,102
2022年度,小野　郁,Lotte,2700,投手,44,999,999
2022年度,藤原　恭大,Lotte,2300,外野手,49,115,24
2022年度,東妻　勇輔,Lotte,2200,投手,3,999,999
2022年度,東條　大樹,Lotte,2200,投手,59,999,999
2022年度,種市　篤暉,Lotte,2200,投手,1,999,999
2022年度,三木　亮,Lotte,2150,内野手,46,25,4
2022年度,菅野　剛士,Lotte,2140,外野手,41,86,18
2022年度,加藤　匠馬,Lotte,2100,捕手,24,9,1
2022年度,佐藤　都志也,Lotte,2000,捕手,118,359,77
2022年度,鈴木　昭汰,Lotte,2000,投手,6,999,999
2022年度,中村　稔弥,Lotte,1800,投手,10,999,999
2022年度,和田　康士朗,Lotte,1800,外野手,69,28,5
2022年度,柿沼　友哉,Lotte,1600,捕手,34,19,3
2022年度,平沢　大河,Lotte,1500,内野手,13,27,4
2022年度,河村　説人,Lotte,1500,投手,4,999,999
2022年度,山口　航輝,Lotte,1400,外野手,102,321,76
2022年度,坂本　光士郎,Lotte,1400,投手,7,999,999
2022年度,松川　虎生,Lotte,1300,捕手,76,185,32
2022年度,池田　来翔,Lotte,1200,内野手,11,22,2
2022年度,廣畑　敦也,Lotte,1150,投手,30,999,999
2022年度,土肥　星也,Lotte,1050,投手,1,999,999
2022年度,髙部　瑛斗,Lotte,1000,外野手,137,541,148
2022年度,小川　龍成,Lotte,1000,内野手,68,55,6
2022年度,八木　彬,Lotte,960,投手,22,999,999
2022年度,福田　光輝,Lotte,810,内野手,13,18,3
2022年度,西巻　賢二,Lotte,720,内野手,2,0,0
2022年度,横山　陸人,Lotte,700,投手,1,999,999
2022年度,本前　郁也,Lotte,670,投手,12,999,999
2022年度,茶谷　健太,Lotte,550,内野手,57,137,34
2022年度,森　遼大朗,Lotte,420,投手,3,999,999
2022年度,小沼　健太,Lotte,300,投手,21,999,999
2022年度,佐藤　奨真,Lotte,300,投手,11,999,999
2022年度,山本　大斗,Lotte,230,外野手,2,2,0
